{
	"class_name" : "PinholeCameraParameters",
	"extrinsic" : 
	[
		0.87422048792007179,
		-0.066469312593842783,
		0.4809577621622233,
		0.0,
		0.067279769106688092,
		0.99761249991572376,
		0.015579880643026506,
		0.0,
		-0.48084505942116379,
		0.018738476330860673,
		0.8766053264354805,
		0.0,
		54.041699413233154,
		20.927679015464484,
		69.744956545395638,
		1.0
	],
	"intrinsic" : 
	{
		"height" : 1080,
		"intrinsic_matrix" : 
		[
			935.30743608719399,
			0.0,
			0.0,
			0.0,
			935.30743608719399,
			0.0,
			959.5,
			539.5,
			1.0
		],
		"width" : 1920
	},
	"version_major" : 1,
	"version_minor" : 0
}